SBP,Age,n,cases,prevalence,masked_n_lt_30
"(0.0, 110.0]","(29, 39]",142,4,0.028169014084507043,False
"(0.0, 110.0]","(39, 49]",268,20,0.07462686567164178,False
"(0.0, 110.0]","(49, 59]",117,10,0.08547008547008547,False
"(0.0, 110.0]","(59, 69]",37,7,0.1891891891891892,False
"(0.0, 110.0]","(69, 79]",0,0,,True
"(110.0, 130.0]","(29, 39]",308,13,0.04220779220779221,False
"(110.0, 130.0]","(39, 49]",806,62,0.07692307692307693,False
"(110.0, 130.0]","(49, 59]",462,75,0.16233766233766234,False
"(110.0, 130.0]","(59, 69]",188,37,0.19680851063829788,False
"(110.0, 130.0]","(69, 79]",0,0,,True
"(130.0, 150.0]","(29, 39]",86,3,0.03488372093023256,False
"(130.0, 150.0]","(39, 49]",442,54,0.12217194570135746,False
"(130.0, 150.0]","(49, 59]",442,87,0.19683257918552036,False
"(130.0, 150.0]","(59, 69]",199,59,0.2964824120603015,False
"(130.0, 150.0]","(69, 79]",2,1,0.5,True
"(150.0, 170.0]","(29, 39]",16,2,0.125,True
"(150.0, 170.0]","(39, 49]",102,19,0.18627450980392157,False
"(150.0, 170.0]","(49, 59]",207,47,0.22705314009661837,False
"(150.0, 170.0]","(59, 69]",145,44,0.30344827586206896,False
"(150.0, 170.0]","(69, 79]",0,0,,True
"(170.0, 200.0]","(29, 39]",4,1,0.25,True
"(170.0, 200.0]","(39, 49]",40,11,0.275,False
"(170.0, 200.0]","(49, 59]",93,38,0.40860215053763443,False
"(170.0, 200.0]","(59, 69]",95,29,0.30526315789473685,False
"(170.0, 200.0]","(69, 79]",0,0,,True
"(200.0, inf]","(29, 39]",0,0,,True
"(200.0, inf]","(39, 49]",3,1,0.3333333333333333,True
"(200.0, inf]","(49, 59]",12,6,0.5,True
"(200.0, inf]","(59, 69]",24,14,0.5833333333333334,True
"(200.0, inf]","(69, 79]",0,0,,True
