male,n,cases,prevalence,lower,upper,group,sparse,variable,currentSmoker,prevalentHyp,diabetes,BPMeds,prevalentStroke,education,smoking_intensity,age_band,BMI_category
0.0,2420,301,0.1243801652892562,0.11182398863742296,0.1381269545713225,Female-coded,,male,,,,,,,,,
1.0,1820,343,0.18846153846153846,0.17115754219656099,0.20707788801827215,Male-coded,,male,,,,,,,,,
,2145,311,0.14498834498834498,0.13072277205307697,0.16052321831615307,No,,currentSmoker,0.0,,,,,,,,
,2095,333,0.15894988066825777,0.1439193931802582,0.17522879974569416,Yes,,currentSmoker,1.0,,,,,,,,
,2923,319,0.1091344509066028,0.09833953478993268,0.12095538358918237,No,,prevalentHyp,,0.0,,,,,,,
,1317,325,0.24677296886864086,0.22424716142112786,0.2707717179866042,Yes,,prevalentHyp,,1.0,,,,,,,
,4131,604,0.14621157104817237,0.1357660118451794,0.15731450185517565,No,,diabetes,,,0.0,,,,,,
,109,40,0.3669724770642202,0.2824572262603343,0.46054503281111925,Yes,,diabetes,,,1.0,,,,,,
,4063,592,0.1457051439822791,0.13519135745490393,0.15688825047875413,No,,BPMeds,,,,0.0,,,,,
,124,41,0.33064516129032256,0.25402587402462923,0.4174422053649551,Yes,,BPMeds,,,,1.0,,,,,
,4215,633,0.1501779359430605,0.13971176595280174,0.16128116568859177,No,,prevalentStroke,,,,,0.0,,,,
,25,11,0.44,0.26665638881067355,0.6293266813020124,Yes,Small group: interpret cautiously,prevalentStroke,,,,,1.0,,,,
,1720,323,0.1877906976744186,0.17003715188061544,0.2069357161842126,Education code 1,,education,,,,,,1.0,,,
,1253,147,0.11731843575418995,0.1006589724941447,0.1363171844669421,Education code 2,,education,,,,,,2.0,,,
,689,88,0.12772133526850507,0.1048462006557136,0.15472466729841772,Education code 3,,education,,,,,,3.0,,,
,473,70,0.14799154334038056,0.11883000510621236,0.18282467730424182,Education code 4,,education,,,,,,4.0,,,
,2145,311,0.14498834498834498,0.13072277205307697,0.16052321831615307,0,,smoking_intensity,,,,,,,0,,
,629,73,0.11605723370429252,0.09332474160885475,0.14345092587020872,1-10,,smoking_intensity,,,,,,,1-10,,
,977,161,0.1647901740020471,0.1428486097892797,0.18935743216623335,11-20,,smoking_intensity,,,,,,,11-20,,
,460,97,0.2108695652173913,0.17606381364779183,0.2504643783851095,>20,,smoking_intensity,,,,,,,>20,,
,556,23,0.04136690647482014,0.027720791964154026,0.06130701766910383,30s,,age_band,,,,,,,,30s,
,1661,167,0.10054184226369657,0.08698891064352586,0.11593819513626848,40s,,age_band,,,,,,,,40s,
,1333,263,0.1972993248312078,0.17681862517383062,0.21951966559708708,50s,,age_band,,,,,,,,50s,
,690,191,0.2768115942028985,0.24473266476464484,0.31136189245091805,60+,,age_band,,,,,,,,60+,
,57,8,0.14035087719298245,0.07287276143238602,0.25324464609344094,Underweight,,BMI_category,,,,,,,,,Underweight
,1870,227,0.1213903743315508,0.10735946680125252,0.13697361520283416,Normal,,BMI_category,,,,,,,,,Normal
,1755,294,0.1675213675213675,0.15077997874972163,0.18571507931965356,Overweight,,BMI_category,,,,,,,,,Overweight
,539,105,0.19480519480519481,0.16357827334403008,0.23035158471297595,Obesity,,BMI_category,,,,,,,,,Obesity
