,currentSmoker,cigsPerDay,sysBP,diaBP,prevalentHyp,glucose,diabetes,age,totChol,BMI,heartRate
currentSmoker,4240,4211,4240,4240,4240,3852,4240,4240,4190,4221,4239
cigsPerDay,4211,4211,4211,4211,4211,3827,4211,4211,4161,4192,4210
sysBP,4240,4211,4240,4240,4240,3852,4240,4240,4190,4221,4239
diaBP,4240,4211,4240,4240,4240,3852,4240,4240,4190,4221,4239
prevalentHyp,4240,4211,4240,4240,4240,3852,4240,4240,4190,4221,4239
glucose,3852,3827,3852,3852,3852,3852,3852,3852,3842,3838,3851
diabetes,4240,4211,4240,4240,4240,3852,4240,4240,4190,4221,4239
age,4240,4211,4240,4240,4240,3852,4240,4240,4190,4221,4239
totChol,4190,4161,4190,4190,4190,3842,4190,4190,4190,4172,4189
BMI,4221,4192,4221,4221,4221,3838,4221,4221,4172,4221,4220
heartRate,4239,4210,4239,4239,4239,3851,4239,4239,4189,4220,4239
