variable,outcome,n,missing_n,missing_pct
heartRate,No 10-year CHD,3596,0,0.0
heartRate,10-year CHD,644,1,0.15527950310559005
BMI,No 10-year CHD,3596,9,0.25027808676307006
BMI,10-year CHD,644,10,1.5527950310559007
cigsPerDay,No 10-year CHD,3596,27,0.7508342602892102
cigsPerDay,10-year CHD,644,2,0.3105590062111801
totChol,No 10-year CHD,3596,41,1.1401557285873194
totChol,10-year CHD,644,9,1.3975155279503106
BPMeds,No 10-year CHD,3596,42,1.1679644048943272
BPMeds,10-year CHD,644,11,1.7080745341614907
education,No 10-year CHD,3596,89,2.474972191323693
education,10-year CHD,644,16,2.484472049689441
glucose,No 10-year CHD,3596,338,9.399332591768632
glucose,10-year CHD,644,50,7.763975155279502
