date,observed,corrected,expected,residual,robust_residual_score,prospective,anomaly_flag,sustained_alert
2023-01-01,992,992,983.0865067,8.913493278,0.383741237,False,False,False
2023-02-01,1098,1098,1064.630933,33.36906722,1.436595814,False,False,False
2023-03-01,1137,1137,1125.509599,11.49040106,0.494681555,False,False,False
2023-04-01,1128,1128,1152.511929,-24.51192896,-1.055280758,False,False,False
2023-05-01,1101,1101,1141.504484,-40.50448352,-1.743787775,False,False,False
2023-06-01,1131,1131,1098.538512,32.46148808,1.397522969,False,False,False
2023-07-01,1031,1031,1038.228525,-7.228524759,-0.3112004403,False,False,False
2023-08-01,983,983,979.8363476,3.163652421,0.1362006854,False,False,False
2023-09-01,890,890,942.1099303,-52.1099303,-2.243422246,False,False,False
2023-10-01,984,984,938.2598492,45.74015084,1.96919227,False,False,False
2023-11-01,973,973,972.4195435,0.5804565212,0.02498965294,False,False,False
2023-12-01,1034,1034,1038.537764,-4.537763956,-0.1953585535,False,False,False
2024-01-01,1122,1122,1122,0,0,False,False,False
2024-02-01,1219,1219,1203.544426,15.45557394,0.6653890766,False,False,False
2024-03-01,12500,1250,1264.423092,-14.42309222,-0.6209389604,False,False,False
2024-04-01,1284,1284,1291.425422,-7.425422243,-0.3196772161,False,False,False
2024-05-01,1246,1246,1280.417977,-34.4179768,-1.481753178,False,False,False
2024-06-01,1313,1313,1237.452005,75.5479948,3.252471289,False,False,False
2024-07-01,1172,1172,1177.142018,-5.142018037,-0.2213727324,False,False,False
2024-08-01,1169,1169,1118.749841,50.25015914,2.163355895,False,False,False
2024-09-01,1064,1064,1081.023424,-17.02342358,-0.7328877037,False,False,False
2024-10-01,1031,1031,1077.173342,-46.17334243,-1.987841914,False,False,False
2024-11-01,1127,1127,1111.333037,15.66696324,0.6744897502,False,False,False
2024-12-01,2050,2050,1177.451257,872.5487428,37.56472613,False,True,False
2025-01-01,1181,1181,1260.913493,-79.91349328,-3.440413517,True,False,False
2025-02-01,1294,1294,1342.457919,-48.45791934,-2.086196885,True,False,False
2025-03-01,1414,1414,1403.336585,10.6634145,0.4590783595,True,False,False
2025-04-01,1425,1425,1430.338916,-5.338915521,-0.2298495082,True,False,False
2025-05-01,1347,1347,1419.33147,-72.33147008,-3.11399436,True,False,False
2025-06-01,1405,1405,1376.365498,28.63450152,1.232764607,True,False,False
2025-07-01,1681,1681,1316.055511,364.9444887,15.71148877,True,True,False
2025-08-01,1675,1675,1257.663334,417.3366659,17.96706223,True,True,False
2025-09-01,1690,1690,1219.936917,470.0630831,20.2370253,True,True,True
2025-10-01,1586,1586,1216.086836,369.9131643,15.92539881,True,True,True
2025-11-01,1733,1733,1250.24653,482.75347,20.78336831,True,True,True
2025-12-01,1683,1683,1316.364751,366.6352495,15.78427893,True,True,True
