date,observed,source_verified,reason,action,iqr_flag,residual_flag,sustained_alert
2023-01-01,992,,Routine month; no specific incident documented,Retain; routine monitoring,False,False,False
2023-02-01,1098,,Routine month; no specific incident documented,Retain; routine monitoring,False,False,False
2023-03-01,1137,,Routine month; no specific incident documented,Retain; routine monitoring,False,False,False
2023-04-01,1128,,Routine month; no specific incident documented,Retain; routine monitoring,False,False,False
2023-05-01,1101,,Routine month; no specific incident documented,Retain; routine monitoring,False,False,False
2023-06-01,1131,,Routine month; no specific incident documented,Retain; routine monitoring,False,False,False
2023-07-01,1031,,Routine month; no specific incident documented,Retain; routine monitoring,False,False,False
2023-08-01,983,,Routine month; no specific incident documented,Retain; routine monitoring,False,False,False
2023-09-01,890,,Routine month; no specific incident documented,Retain; routine monitoring,False,False,False
2023-10-01,984,,Routine month; no specific incident documented,Retain; routine monitoring,False,False,False
2023-11-01,973,,Routine month; no specific incident documented,Retain; routine monitoring,False,False,False
2023-12-01,1034,,Routine month; no specific incident documented,Retain; routine monitoring,False,False,False
2024-01-01,1122,,Routine month; no specific incident documented,Retain; routine monitoring,False,False,False
2024-02-01,1219,,Routine month; no specific incident documented,Retain; routine monitoring,False,False,False
2024-03-01,12500,1250,"Confirmed transcription: 12,500 entered instead of 1,250","Correct to 1,250; retain original",True,False,False
2024-04-01,1284,,Routine month; no specific incident documented,Retain; routine monitoring,False,False,False
2024-05-01,1246,,Routine month; no specific incident documented,Retain; routine monitoring,False,False,False
2024-06-01,1313,,Routine month; no specific incident documented,Retain; routine monitoring,False,False,False
2024-07-01,1172,,Routine month; no specific incident documented,Retain; routine monitoring,False,False,False
2024-08-01,1169,,Routine month; no specific incident documented,Retain; routine monitoring,False,False,False
2024-09-01,1064,,Routine month; no specific incident documented,Retain; routine monitoring,False,False,False
2024-10-01,1031,,Routine month; no specific incident documented,Retain; routine monitoring,False,False,False
2024-11-01,1127,,Routine month; no specific incident documented,Retain; routine monitoring,False,False,False
2024-12-01,2050,,Documented campaign with verified additional enrolments,Keep; model campaign separately if needed,True,True,False
2025-01-01,1181,,Routine month; no specific incident documented,Retain; routine monitoring,False,False,False
2025-02-01,1294,,Routine month; no specific incident documented,Retain; routine monitoring,False,False,False
2025-03-01,1414,,Routine month; no specific incident documented,Retain; routine monitoring,False,False,False
2025-04-01,1425,,Routine month; no specific incident documented,Retain; routine monitoring,False,False,False
2025-05-01,1347,,Routine month; no specific incident documented,Retain; routine monitoring,False,False,False
2025-06-01,1405,,Routine month; no specific incident documented,Retain; routine monitoring,False,False,False
2025-07-01,1681,,Unexplained sustained increase; cause unconfirmed,Keep; verify coverage and investigate; monitor,False,True,False
2025-08-01,1675,,Unexplained sustained increase; cause unconfirmed,Keep; verify coverage and investigate; monitor,False,True,False
2025-09-01,1690,,Unexplained sustained increase; cause unconfirmed,Keep; verify coverage and investigate; monitor,False,True,True
2025-10-01,1586,,Unexplained sustained increase; cause unconfirmed,Keep; verify coverage and investigate; monitor,False,True,True
2025-11-01,1733,,Unexplained sustained increase; cause unconfirmed,Keep; verify coverage and investigate; monitor,False,True,True
2025-12-01,1683,,Unexplained sustained increase; cause unconfirmed,Keep; verify coverage and investigate; monitor,False,True,True
