date,observed,iqr_flag
2023-01-01,992,False
2023-02-01,1098,False
2023-03-01,1137,False
2023-04-01,1128,False
2023-05-01,1101,False
2023-06-01,1131,False
2023-07-01,1031,False
2023-08-01,983,False
2023-09-01,890,False
2023-10-01,984,False
2023-11-01,973,False
2023-12-01,1034,False
2024-01-01,1122,False
2024-02-01,1219,False
2024-03-01,12500,True
2024-04-01,1284,False
2024-05-01,1246,False
2024-06-01,1313,False
2024-07-01,1172,False
2024-08-01,1169,False
2024-09-01,1064,False
2024-10-01,1031,False
2024-11-01,1127,False
2024-12-01,2050,True
2025-01-01,1181,False
2025-02-01,1294,False
2025-03-01,1414,False
2025-04-01,1425,False
2025-05-01,1347,False
2025-06-01,1405,False
2025-07-01,1681,False
2025-08-01,1675,False
2025-09-01,1690,False
2025-10-01,1586,False
2025-11-01,1733,False
2025-12-01,1683,False
