date,observed,iqr_flag,ordinary_z,modified_z
2023-01-01,992,False,-0.3110897284,-0.855280817
2023-02-01,1098,False,-0.255043347,-0.3638999682
2023-03-01,1137,False,-0.2344225086,-0.1831089012
2023-04-01,1128,False,-0.2391811636,-0.2248299167
2023-05-01,1101,False,-0.2534571287,-0.3499929631
2023-06-01,1131,False,-0.2375949453,-0.2109229115
2023-07-01,1031,False,-0.29046889,-0.67448975
2023-08-01,983,False,-0.3158483834,-0.8970018325
2023-09-01,890,False,-0.365021152,-1.328118992
2023-10-01,984,False,-0.315319644,-0.8923661641
2023-11-01,973,False,-0.3211357779,-0.9433585163
2023-12-01,1034,False,-0.2888826716,-0.6605827448
2024-01-01,1122,False,-0.2423536003,-0.252643927
2024-02-01,1219,False,-0.191065874,0.1970159064
2024-03-01,12500,True,5.773643825,52.49199096
2024-04-01,1284,False,-0.1566978099,0.4983343514
2024-05-01,1246,False,-0.1767899089,0.3221789527
2024-06-01,1313,False,-0.141364366,0.6327687345
2024-07-01,1172,False,-0.215916628,-0.02086050773
2024-08-01,1169,False,-0.2175028463,-0.03476751289
2024-09-01,1064,False,-0.2730204882,-0.5215126933
2024-10-01,1031,False,-0.29046889,-0.67448975
2024-11-01,1127,False,-0.2397099031,-0.2294655851
2024-12-01,2050,True,0.2483166063,4.049256334
2025-01-01,1181,False,-0.211157973,0.02086050773
2025-02-01,1294,False,-0.1514104155,0.5446910352
2025-03-01,1414,False,-0.08796168186,1.100971241
2025-04-01,1425,False,-0.08214554794,1.151963594
2025-05-01,1347,False,-0.1233872248,0.7903814596
2025-06-01,1405,False,-0.09272033688,1.059250226
2025-07-01,1681,False,0.05321175044,2.3386947
2025-08-01,1675,False,0.05003931376,2.31088069
2025-09-01,1690,False,0.05797040546,2.380415716
2025-10-01,1586,False,0.002981502992,1.898306204
2025-11-01,1733,False,0.08070620167,2.579749456
2025-12-01,1683,False,0.05426922933,2.347966037
