id,amount,capped_amount
1,13.3877868,13.3877868
2,84.98485904,84.98485904
3,35.12233441,35.12233441
4,20.6359799,20.6359799
5,50.61392573,50.61392573
6,52.47422115,52.47422115
7,25.10209965,25.10209965
8,78.92264576,78.92264576
9,9.141660838,9.163017599
10,33.87053369,33.87053369
11,9.163233324,9.163233324
12,41.39410272,41.39410272
13,115.6541271,115.6541271
14,20.89642081,20.89642081
15,24.28477166,24.28477166
16,33.29702679,33.29702679
17,38.92098816,38.92098816
18,12.67991923,12.67991923
19,73.86979979,73.86979979
20,55.9167409,55.9167409
21,73.67264103,73.67264103
22,53.97764928,53.97764928
23,67.30988957,67.30988957
24,71.85401661,71.85401661
25,10.99189881,10.99189881
26,19.78855475,19.78855475
27,30.34863213,30.34863213
28,66.41334904,66.41334904
29,26.16838534,26.16838534
30,54.45617694,54.45617694
31,18.24266964,18.24266964
32,49.40750065,49.40750065
33,32.61034714,32.61034714
34,86.70917799,86.70917799
35,47.78724198,47.78724198
36,32.08677421,32.08677421
37,113.3548598,113.3548598
38,11.93794344,11.93794344
39,38.1111957,38.1111957
40,13.20932316,13.20932316
41,13.69050381,13.69050381
42,21.41585823,21.41585823
43,40.93840263,40.93840263
44,59.36462372,59.36462372
45,20.88161168,20.88161168
46,14.97665574,14.97665574
47,22.2088827,22.2088827
48,176.2931159,176.2931159
49,73.59218393,73.59218393
50,30.96472422,30.96472422
51,14.49604482,14.49604482
52,63.44066786,63.44066786
53,30.36070149,30.36070149
54,24.96415541,24.96415541
55,43.18289899,43.18289899
56,30.41566174,30.41566174
57,37.81784245,37.81784245
58,55.60510909,55.60510909
59,78.36280578,78.36280578
60,123.0293371,123.0293371
61,44.1410258,44.1410258
62,14.20940617,14.20940617
63,32.93900564,32.93900564
64,28.26978299,28.26978299
65,175.8016011,175.8016011
66,24.58693034,24.58693034
67,59.62988443,59.62988443
68,42.97072982,42.97072982
69,61.97877851,61.97877851
70,14.26941194,14.26941194
71,54.08284951,54.08284951
72,29.39808524,29.39808524
73,40.39444318,40.39444318
74,28.54720357,28.54720357
75,40.87248116,40.87248116
76,118.4984844,118.4984844
77,90.84597181,90.84597181
78,114.9779627,114.9779627
79,16.02052918,16.02052918
80,69.72615628,69.72615628
81,62.67015701,62.67015701
82,30.65161335,30.65161335
83,54.14754153,54.14754153
84,34.87492252,34.87492252
85,22.60939116,22.60939116
86,40.4015075,40.4015075
87,33.30572872,33.30572872
88,64.86575425,64.86575425
89,50.47025619,50.47025619
90,49.50509627,49.50509627
91,57.57471575,57.57471575
92,29.69108759,29.69108759
93,33.71676771,33.71676771
94,14.28449272,14.28449272
95,37.26638,37.26638
96,75.30883545,75.30883545
97,23.13885701,23.13885701
98,55.03024358,55.03024358
99,17.82690403,17.82690403
100,48.0932264,48.0932264
101,24.7914432,24.7914432
102,28.90199032,28.90199032
103,46.22399788,46.22399788
104,50.43673812,50.43673812
105,107.9353357,107.9353357
106,23.20869694,23.20869694
107,60.39185682,60.39185682
108,12.90088767,12.90088767
109,14.70148409,14.70148409
110,65.6110602,65.6110602
111,32.22910266,32.22910266
112,37.28495378,37.28495378
113,45.05071064,45.05071064
114,41.97741364,41.97741364
115,93.17619739,93.17619739
116,75.88662279,75.88662279
117,58.36004487,58.36004487
118,37.36944974,37.36944974
119,61.2881958,61.2881958
120,16.8370141,16.8370141
121,100.2782121,100.2782121
122,46.36825315,46.36825315
123,17.56469118,17.56469118
124,178.1469092,176.3116538
125,66.99514061,66.99514061
126,113.3693457,113.3693457
127,51.67522347,51.67522347
128,43.70252522,43.70252522
129,46.04553564,46.04553564
130,93.60417579,93.60417579
131,27.12561971,27.12561971
132,26.33123583,26.33123583
133,50.52457462,50.52457462
134,79.41058113,79.41058113
135,24.85852643,24.85852643
136,39.79289956,39.79289956
137,55.66926652,55.66926652
138,69.72874484,69.72874484
139,51.2401327,51.2401327
140,46.58093222,46.58093222
141,141.4205442,141.4205442
142,21.94347558,21.94347558
143,26.77705759,26.77705759
144,24.86875654,24.86875654
145,25.9780419,25.9780419
146,30.09319512,30.09319512
147,54.41179458,54.41179458
148,52.57222447,52.57222447
149,65.64407728,65.64407728
150,28.4657754,28.4657754
151,67.64606063,67.64606063
152,41.03582164,41.03582164
153,37.8406821,37.8406821
154,108.3259621,108.3259621
155,30.6705534,30.6705534
156,29.64306066,29.64306066
157,19.61300484,19.61300484
158,28.84921358,28.84921358
159,17.39808144,17.39808144
160,39.2401701,39.2401701
161,42.60190134,42.60190134
162,57.87888872,57.87888872
163,32.54246676,32.54246676
164,29.55487296,29.55487296
165,72.69298229,72.69298229
166,43.68315152,43.68315152
167,31.33991191,31.33991191
168,24.20846568,24.20846568
169,100.5060341,100.5060341
170,46.49411082,46.49411082
171,74.77919018,74.77919018
172,13.42326249,13.42326249
173,48.01752896,48.01752896
174,31.6097621,31.6097621
175,15.39030858,15.39030858
176,17.23693782,17.23693782
177,55.71534925,55.71534925
178,18.52723944,18.52723944
179,143.6968087,143.6968087
180,138.0289443,138.0289443
181,20.24311001,20.24311001
182,27.75415226,27.75415226
183,20.79458939,20.79458939
184,21.2189153,21.2189153
185,38.80565817,38.80565817
186,23.2025688,23.2025688
187,16.35739484,16.35739484
188,22.87457262,22.87457262
189,18.01689002,18.01689002
190,192.1720493,176.3116538
191,80.60348175,80.60348175
192,63.3499992,63.3499992
193,8.405218836,9.163017599
194,26.8283672,26.8283672
195,63.89679806,63.89679806
196,72.15327771,72.15327771
197,41.63293513,41.63293513
198,59.74077335,59.74077335
199,29.40991276,29.40991276
200,67.19405018,67.19405018
