,Adjusted_OR,CI_2.5%,CI_97.5%,p_value
C(education)[T.2.0],0.8263054010373536,0.648930742062071,1.0521625368122767,0.12173506577230107
C(education)[T.3.0],0.8181030608550429,0.6099154079125748,1.0973531894710329,0.18026657409072566
C(education)[T.4.0],0.9426517235099918,0.6833976103954456,1.3002566270639682,0.7189189656791977
male,1.7035177862636526,1.3761144239345253,2.1088165327265616,9.991900752584143e-07
age_5y,1.3726493784238858,1.2867064954426994,1.4643326374436472,7.877348419700361e-22
cigs_10,1.2221656913468897,1.124949201524036,1.3277834902072296,2.0950347541244655e-06
sysBP_10,1.182533583692768,1.1293022878028218,1.2382740136672965,9.71948388795162e-13
totChol_10,1.0242056675645415,1.0017619504221185,1.0471522191767273,0.03437154075108622
BMI_5,1.0244886815762437,0.907082287787024,1.1570913386903912,0.6968432339543019
glucose_10,1.0743091240476894,1.0281741885390334,1.1225141681995239,0.0013712718393521478
BPMeds,1.2223448320353243,0.7707445521476322,1.938550047794918,0.39350715746145615
prevalentStroke,2.0593493209854117,0.7882043289937863,5.380482534594794,0.14041246413515024
diabetes,1.035900913590509,0.5567418643994597,1.9274474786176918,0.9113504875192127
heartRate_10,0.9736006533824859,0.8966647326862455,1.0571378551123245,0.5241273367649528
